{"OffsetX":11.300000190734864,"OffsetZ":13.270000457763672,"Speed":5.0,"NewPosition":{"x":-20.652124404907228,"y":14.0,"z":-1.1552987098693848},"NewRotation":{"x":40.0,"y":-133.0,"z":0.0}}