{"m_Inventory":{"m_ItemTypes":[10,100],"m_ItemAmount":[1,100]},"m_Health":3,"m_Level":2,"m_Position":{"x":-31.874370574951173,"y":0.0253373384475708,"z":-13.96248722076416}}