{"m_Inventory":{"m_ItemTypes":[10,100],"m_ItemAmount":[1,100]},"m_Health":3,"m_Level":2,"m_Position":{"x":-29.41071319580078,"y":0.025335192680358888,"z":-28.3542423248291}}